{"cameraMode":{"drawMode":0,"name":"Shaded","section":"Shading Mode"},"sceneLighting":true,"audioPlay":false,"sceneViewState":{"showFog":true,"showMaterialUpdate":false,"showSkybox":true,"showFlares":true,"showImageEffects":true,"showParticleSystems":true},"in2DMode":false,"pivot":{"x":-5.827103614807129,"y":0.8297730684280396,"z":-4.868695259094238},"rotation":{"x":-0.10662609338760376,"y":0.6705223321914673,"z":-0.0982661172747612,"w":-0.7275812029838562},"size":4.0416579246521,"orthographic":false}