{"cameraMode":{"drawMode":0,"name":"Shaded","section":"Shading Mode"},"sceneLighting":false,"audioPlay":false,"sceneViewState":{"showFog":true,"showMaterialUpdate":false,"showSkybox":true,"showFlares":true,"showImageEffects":true,"showParticleSystems":true},"in2DMode":false,"pivot":{"x":0.053054604679346088,"y":1.1080234050750733,"z":-0.45746827125549319},"rotation":{"x":-0.00042599072912707925,"y":0.9898595213890076,"z":-0.14201833307743073,"w":-0.002970090601593256},"size":2.3552627563476564,"orthographic":false}