{"cameraMode":{"drawMode":0,"name":"Shaded","section":"Shading Mode"},"sceneLighting":false,"audioPlay":false,"sceneViewState":{"showFog":true,"showMaterialUpdate":false,"showSkybox":true,"showFlares":true,"showImageEffects":true,"showParticleSystems":true},"in2DMode":false,"pivot":{"x":-1.785914421081543,"y":0.8905558586120606,"z":1.8058289289474488},"rotation":{"x":0.1343676596879959,"y":-0.6130792498588562,"z":0.10682786256074906,"w":0.7711465358734131},"size":13.765522003173829,"orthographic":false}