{"cameraMode":{"drawMode":0,"name":"Shaded","section":"Shading Mode"},"sceneLighting":true,"audioPlay":false,"sceneViewState":{"showFog":true,"showMaterialUpdate":false,"showSkybox":true,"showFlares":true,"showImageEffects":true,"showParticleSystems":true},"in2DMode":false,"pivot":{"x":-2.257272720336914,"y":0.08420944213867188,"z":-2.594003200531006},"rotation":{"x":0.1622283011674881,"y":-0.5545827746391296,"z":0.11127573996782303,"w":0.8085405230522156},"size":21.383750915527345,"orthographic":false}