{"cameraMode":{"drawMode":0,"name":"Shaded","section":"Shading Mode"},"sceneLighting":false,"audioPlay":false,"sceneViewState":{"showFog":true,"showMaterialUpdate":false,"showSkybox":true,"showFlares":true,"showImageEffects":true,"showParticleSystems":true},"in2DMode":false,"pivot":{"x":0.16702352464199067,"y":1.052679181098938,"z":-1.2306678295135499},"rotation":{"x":-0.002479331335052848,"y":0.9916942715644836,"z":-0.12713152170181275,"w":-0.0193411186337471},"size":2.3552627563476564,"orthographic":false}