{"cameraMode":{"drawMode":0,"name":"Shaded","section":"Shading Mode"},"sceneLighting":false,"audioPlay":false,"sceneViewState":{"showFog":true,"showMaterialUpdate":false,"showSkybox":true,"showFlares":true,"showImageEffects":true,"showParticleSystems":true},"in2DMode":false,"pivot":{"x":4.989999771118164,"y":1.0799999237060547,"z":1.9099998474121094},"rotation":{"x":-0.024212194606661798,"y":0.9415319561958313,"z":-0.3288237750530243,"w":-0.0693279430270195},"size":4.0416579246521,"orthographic":false}