{"cameraMode":{"drawMode":0,"name":"Shaded","section":"Shading Mode"},"sceneLighting":false,"audioPlay":false,"sceneViewState":{"showFog":true,"showMaterialUpdate":false,"showSkybox":true,"showFlares":true,"showImageEffects":true,"showParticleSystems":true},"in2DMode":false,"pivot":{"x":1.1920928955078126e-7,"y":0.8530062437057495,"z":-0.05882294476032257},"rotation":{"x":0.11149410903453827,"y":-0.7873887419700623,"z":0.14941135048866273,"w":0.5875920653343201},"size":4.8034162521362309,"orthographic":false}